0.000000000000000000e+00,5.095572024583816528e-02,8.920262753963470459e-02,1.263466030359268188e-01,-2.199370786547660828e-02,-3.553649643436074257e-03,-2.919830381870269775e-02,2.097904235124588013e-01,2.513546943664550781e-01,3.091005682945251465e-01,3.406615555286407471e-01,5.079240202903747559e-01,7.493613958358764648e-01,8.784255981445312500e-01,9.011279344558715820e-01,9.708017110824584961e-01,9.254595637321472168e-01,9.206336140632629395e-01,8.953294754028320312e-01,8.249728083610534668e-01,7.657626271247863770e-01,7.654591202735900879e-01
0.000000000000000000e+00,-6.615936011075973511e-02,9.815445542335510254e-02,2.442571222782135010e-01,2.357399761676788330e-01,2.515984177589416504e-01,3.802636861801147461e-01,4.980589747428894043e-01,5.409245491027832031e-01,5.845565199851989746e-01,6.867122054100036621e-01,6.798708438873291016e-01,6.618904471397399902e-01,7.891242504119873047e-01,8.417451381683349609e-01,8.645890951156616211e-01,9.338406324386596680e-01,8.930485248565673828e-01,8.825037479400634766e-01,8.667625784873962402e-01,8.896623849868774414e-01,8.298929929733276367e-01
0.000000000000000000e+00,6.028050929307937622e-02,6.996493041515350342e-02,2.617501467466354370e-02,5.942453444004058838e-02,1.296520382165908813e-01,2.682318389415740967e-01,3.387382328510284424e-01,3.590106368064880371e-01,3.034262061119079590e-01,2.319904118776321411e-01,3.048375844955444336e-01,3.153041303157806396e-01,4.712842404842376709e-01,6.162442564964294434e-01,7.884157299995422363e-01,8.815118074417114258e-01,9.103598594665527344e-01,9.649428129196166992e-01,9.351173639297485352e-01,1.000000000000000000e+00,9.440853595733642578e-01
0.000000000000000000e+00,3.799176216125488281e-02,-2.108334098011255264e-03,-3.583539649844169617e-02,-4.135929420590400696e-02,-7.276170887053012848e-03,7.892536371946334839e-02,1.855959445238113403e-01,2.418473660945892334e-01,4.411205649375915527e-01,7.194092273712158203e-01,8.813883066177368164e-01,8.354417681694030762e-01,7.258133888244628906e-01,6.299549341201782227e-01,5.220159888267517090e-01,5.831218957901000977e-01,7.815422415733337402e-01,9.586406946182250977e-01,8.903890252113342285e-01,7.127909064292907715e-01,6.764866113662719727e-01
0.000000000000000000e+00,2.124573104083538055e-02,9.967739880084991455e-02,1.931483596563339233e-01,3.545519709587097168e-01,5.067473053932189941e-01,4.808132052421569824e-01,4.772691726684570312e-01,5.048676133155822754e-01,5.617255568504333496e-01,6.119595170021057129e-01,6.803480982780456543e-01,7.862284183502197266e-01,8.680829405784606934e-01,8.279154896736145020e-01,7.628217339515686035e-01,8.315318822860717773e-01,8.844434022903442383e-01,8.439627885818481445e-01,9.476236104965209961e-01,1.000000000000000000e+00,9.746161699295043945e-01
0.000000000000000000e+00,4.143421351909637451e-02,7.148425281047821045e-02,1.149697080254554749e-01,8.733674138784408569e-02,1.653274744749069214e-01,2.519020736217498779e-01,2.852445542812347412e-01,2.376958131790161133e-01,2.871215939521789551e-01,4.403419494628906250e-01,7.095903158187866211e-01,7.734836935997009277e-01,6.553260684013366699e-01,5.568141937255859375e-01,6.040232181549072266e-01,6.852366924285888672e-01,8.211587071418762207e-01,7.562332153320312500e-01,7.894493937492370605e-01,9.105641245841979980e-01,1.000000000000000000e+00
0.000000000000000000e+00,-4.762142896652221680e-02,-6.540284305810928345e-02,-1.134625375270843506e-01,-9.317103773355484009e-02,3.405661508440971375e-02,-5.850514397025108337e-02,-1.376329511404037476e-01,-1.596851795911788940e-01,-9.736789762973785400e-02,1.401761621236801147e-01,4.415636360645294189e-01,4.858980178833007812e-01,6.177542805671691895e-01,6.962963938713073730e-01,7.426090836524963379e-01,7.216917276382446289e-01,7.867463231086730957e-01,8.403148055076599121e-01,7.946748733520507812e-01,7.359790802001953125e-01,7.535627484321594238e-01
0.000000000000000000e+00,1.095242276787757874e-01,1.173111647367477417e-01,1.857520341873168945e-01,2.960629761219024658e-01,3.006451427936553955e-01,3.066034615039825439e-01,3.272232711315155029e-01,3.363555371761322021e-01,3.639755845069885254e-01,4.047949612140655518e-01,5.921711921691894531e-01,7.258629202842712402e-01,7.953981161117553711e-01,8.261587023735046387e-01,7.756773829460144043e-01,8.285592794418334961e-01,8.950141668319702148e-01,1.000000000000000000e+00,9.296969175338745117e-01,9.174665808677673340e-01,9.730993509292602539e-01
0.000000000000000000e+00,9.982070122598316053e-02,-7.436957378639795849e-03,-7.489534166826694594e-02,-1.312056680243781637e-01,-1.282928209741159009e-01,-1.763376153465196494e-01,-1.786036122537673909e-01,1.071749830707189113e-02,1.851240638360234780e-01,4.205190972397691573e-01,6.080874460537087911e-01,6.956491242255485874e-01,7.504349056508424765e-01,7.463314500560940257e-01,7.847442415176721919e-01,8.213963877462325813e-01,7.700304221707886532e-01,7.084907166897443931e-01,6.630009803822479730e-01,4.880037598164562729e-01,3.616153060915091033e-01
0.000000000000000000e+00,8.677121778230512117e-02,2.145131189351293932e-01,1.260276784254997229e-01,1.398250808649413035e-01,2.411850562348675231e-01,3.567449533054851130e-01,2.906424724337021703e-01,3.303014523381465617e-01,4.162672515042209476e-01,5.022140459837396431e-01,5.799052046234601798e-01,7.456222704518934430e-01,6.753353376942754505e-01,6.207124476896002108e-01,7.010711041342795324e-01,7.819056379303136461e-01,7.555693233951492616e-01,7.382446511309689319e-01,7.681660097380014207e-01,8.278061369933825686e-01,1.000000000000000000e+00
0.000000000000000000e+00,-1.650868952274322510e-01,-2.132797986268997192e-01,-2.015531063079833984e-01,6.412390619516372681e-02,2.625373005867004395e-01,5.361959934234619141e-01,6.842657327651977539e-01,6.820068359375000000e-01,6.709178090095520020e-01,7.481356263160705566e-01,7.867202162742614746e-01,7.382571101188659668e-01,5.303002595901489258e-01,3.836896419525146484e-01,5.547317266464233398e-01,4.227173626422882080e-01,2.410779893398284912e-01,3.425543606281280518e-01,2.955719530582427979e-01,2.043145596981048584e-01,9.752064198255538940e-02
0.000000000000000000e+00,1.643759757280349731e-01,2.126926630735397339e-01,2.777252495288848877e-01,3.230297863483428955e-01,3.438407182693481445e-01,2.919944524765014648e-01,3.548384606838226318e-01,5.518634319305419922e-01,5.924637913703918457e-01,6.064656972885131836e-01,5.699586272239685059e-01,8.126016259193420410e-01,8.986449837684631348e-01,8.608452081680297852e-01,9.934761524200439453e-01,1.000000000000000000e+00,9.876582026481628418e-01,8.866662979125976562e-01,6.971787810325622559e-01,7.067224383354187012e-01,7.288720607757568359e-01
0.000000000000000000e+00,1.748931109905242920e-01,1.008449494838714600e-01,1.864710152149200439e-01,3.654322624206542969e-01,3.692522346973419189e-01,3.747767508029937744e-01,4.112028181552886963e-01,3.707655966281890869e-01,4.541867077350616455e-01,6.518166065216064453e-01,7.713831067085266113e-01,8.866862058639526367e-01,9.705141782760620117e-01,9.993409514427185059e-01,1.000000000000000000e+00,9.020475149154663086e-01,8.621268868446350098e-01,6.831697225570678711e-01,6.706276535987854004e-01,6.351860761642456055e-01,4.142986834049224854e-01
0.000000000000000000e+00,-5.621940642595291138e-02,-1.750404089689254761e-01,-4.055301845073699951e-01,-5.612934827804565430e-01,-3.077997863292694092e-01,-4.185621142387390137e-01,-6.155545115470886230e-01,-3.781676888465881348e-01,-2.586745321750640869e-01,-1.531595438718795776e-01,-3.206685781478881836e-01,-3.507595062255859375e-01,-3.184896409511566162e-01,-4.286372363567352295e-01,-4.981372356414794922e-01,-5.167030096054077148e-01,-4.296226203441619873e-01,-4.710944741964340210e-02,2.170206159353256226e-01,3.844454586505889893e-01,3.330681622028350830e-01
0.000000000000000000e+00,2.724145539104938507e-02,1.605230942368507385e-02,-8.127281814813613892e-02,-6.831530481576919556e-03,5.287615582346916199e-02,1.064164638519287109e-01,2.779347300529479980e-01,4.079520404338836670e-01,4.071505367755889893e-01,5.126375555992126465e-01,6.407772302627563477e-01,8.479129672050476074e-01,7.466461658477783203e-01,6.938621997833251953e-01,6.091914772987365723e-01,5.657263398170471191e-01,7.106052041053771973e-01,7.755717039108276367e-01,8.692560791969299316e-01,9.187271595001220703e-01,8.887181282043457031e-01
0.000000000000000000e+00,-1.425158530473709106e-01,-9.399683028459548950e-02,8.941370248794555664e-02,8.511701971292495728e-02,-1.387676745653152466e-01,-1.220685020089149475e-01,-3.559239581227302551e-02,-1.422903388738632202e-01,-5.179180949926376343e-02,3.059361279010772705e-01,6.273037791252136230e-01,8.179242014884948730e-01,7.989882826805114746e-01,8.343978524208068848e-01,7.690272927284240723e-01,6.439724564552307129e-01,6.321306824684143066e-01,7.079656124114990234e-01,7.262006402015686035e-01,8.574841618537902832e-01,7.446306943893432617e-01
0.000000000000000000e+00,1.169056668877601624e-01,1.219585090875625610e-01,1.679705977439880371e-01,2.014044225215911865e-01,3.676847815513610840e-01,2.468380331993103027e-01,2.486521601676940918e-01,1.028000488877296448e-01,1.840145676396787167e-03,4.672318100929260254e-01,3.079634606838226318e-01,5.701752901077270508e-01,6.750755906105041504e-01,7.428218126296997070e-01,4.875166714191436768e-01,5.645172595977783203e-01,8.892140388488769531e-01,1.000000000000000000e+00,7.235710620880126953e-01,9.039963483810424805e-01,4.734042286872863770e-01
0.000000000000000000e+00,1.169056668877601624e-01,1.219585090875625610e-01,1.679705977439880371e-01,2.014044225215911865e-01,3.676847815513610840e-01,2.468380331993103027e-01,2.486521601676940918e-01,1.028000488877296448e-01,1.840145676396787167e-03,4.672318100929260254e-01,3.079634606838226318e-01,5.701752901077270508e-01,6.750755906105041504e-01,7.428218126296997070e-01,4.875166714191436768e-01,5.645172595977783203e-01,8.892140388488769531e-01,1.000000000000000000e+00,7.235710620880126953e-01,9.039963483810424805e-01,4.734042286872863770e-01
0.000000000000000000e+00,5.363569408655166626e-02,9.238754957914352417e-02,1.921228468418121338e-01,2.091818451881408691e-01,2.458233535289764404e-01,3.236328661441802979e-01,3.936126530170440674e-01,4.745755493640899658e-01,5.915136337280273438e-01,7.591588497161865234e-01,8.652130365371704102e-01,8.624303340911865234e-01,8.778731226921081543e-01,9.734727740287780762e-01,9.426721930503845215e-01,9.856832623481750488e-01,1.000000000000000000e+00,9.385831356048583984e-01,8.218131661415100098e-01,8.607736229896545410e-01,9.249002933502197266e-01
0.000000000000000000e+00,1.533864717930555344e-02,4.435323178768157959e-02,8.980195224285125732e-02,1.768988817930221558e-01,2.507922351360321045e-01,2.889813780784606934e-01,4.131442904472351074e-01,4.708933234214782715e-01,5.652470588684082031e-01,6.050403118133544922e-01,6.713353991508483887e-01,8.719363808631896973e-01,9.479984045028686523e-01,1.000000000000000000e+00,9.450757503509521484e-01,8.934726119041442871e-01,8.369514346122741699e-01,7.383455038070678711e-01,6.835745573043823242e-01,6.964938044548034668e-01,5.876057147979736328e-01
0.000000000000000000e+00,8.822187781333923340e-03,-7.603105623275041580e-04,4.668048396706581116e-02,1.098465695977210999e-01,1.573778241872787476e-01,3.825891315937042236e-01,6.364833712577819824e-01,7.067334651947021484e-01,7.415397167205810547e-01,8.512893915176391602e-01,8.232591152191162109e-01,7.241430878639221191e-01,6.528354883193969727e-01,7.753551602363586426e-01,7.660593390464782715e-01,9.329331517219543457e-01,9.992396831512451172e-01,8.647144436836242676e-01,8.514487743377685547e-01,8.762848973274230957e-01,8.752897977828979492e-01
0.000000000000000000e+00,-1.021649762988090515e-01,-3.132539689540863037e-01,-4.808415174484252930e-01,-3.253141939640045166e-01,-3.509586453437805176e-01,-5.504734814167022705e-02,1.171976849436759949e-01,3.830594941973686218e-03,7.824312150478363037e-02,1.162068620324134827e-01,1.855138242244720459e-01,1.892593801021575928e-01,3.215090036392211914e-01,5.191584825515747070e-01,4.844194948673248291e-01,2.835419774055480957e-01,3.968015909194946289e-01,4.390380084514617920e-01,3.465726673603057861e-01,2.872973084449768066e-01,2.028244733810424805e-01
0.000000000000000000e+00,-2.109333127737045288e-01,-3.938913643360137939e-01,-2.784337103366851807e-01,-1.197939589619636536e-01,-2.786543071269989014e-01,-2.624658346176147461e-01,-4.308462142944335938e-01,-7.910743355751037598e-01,-7.360447645187377930e-01,-4.064975678920745850e-01,-4.151118099689483643e-01,-3.350448906421661377e-01,2.089256644248962402e-01,4.065500944852828979e-02,-1.133916378021240234e-01,-4.399798810482025146e-01,-7.105568647384643555e-01,-3.712352216243743896e-01,-2.767645418643951416e-01,-3.852701187133789062e-01,-2.055628448724746704e-01
0.000000000000000000e+00,8.831698447465896606e-02,1.972615867853164673e-01,2.833067178726196289e-01,3.400990664958953857e-01,3.392786383628845215e-01,3.634194731712341309e-01,4.368759691715240479e-01,4.910030663013458252e-01,6.746040582656860352e-01,9.865498542785644531e-01,1.000000000000000000e+00,9.666934609413146973e-01,8.364424705505371094e-01,7.223719358444213867e-01,6.606739759445190430e-01,6.011791825294494629e-01,4.949722290039062500e-01,4.639985263347625732e-01,4.211640059947967529e-01,3.920369148254394531e-01,4.565913081169128418e-01
0.000000000000000000e+00,6.980560719966888428e-02,1.476377397775650024e-01,2.056151926517486572e-01,4.808646142482757568e-01,6.471391916275024414e-01,6.760902404785156250e-01,5.578294396400451660e-01,4.771954119205474854e-01,2.999781966209411621e-01,8.848396688699722290e-02,1.455966979265213013e-01,3.485969901084899902e-01,5.313816070556640625e-01,7.962648272514343262e-01,8.540475368499755859e-01,9.459747672080993652e-01,8.308248519897460938e-01,7.569008469581604004e-01,8.701603412628173828e-01,8.494123816490173340e-01,1.000000000000000000e+00
0.000000000000000000e+00,1.289505958557128906e-01,2.668977677822113037e-01,3.525695204734802246e-01,4.519813060760498047e-01,4.408269226551055908e-01,3.901903927326202393e-01,4.843237400054931641e-01,5.610062479972839355e-01,7.241227626800537109e-01,8.350737690925598145e-01,8.884871006011962891e-01,9.763484001159667969e-01,9.853574633598327637e-01,1.000000000000000000e+00,9.300712347030639648e-01,8.851200342178344727e-01,8.497570157051086426e-01,8.553782105445861816e-01,8.575667142868041992e-01,7.453120350837707520e-01,7.368478178977966309e-01
0.000000000000000000e+00,1.491310745477676392e-01,3.148195445537567139e-01,2.850767970085144043e-01,1.138422638177871704e-01,1.583722606301307678e-02,-8.096975274384021759e-03,3.258578181266784668e-01,1.237363219261169434e-01,5.589133873581886292e-02,6.793247908353805542e-02,-2.414487004280090332e-01,-4.306742846965789795e-01,-6.741421818733215332e-01,-6.438340544700622559e-01,-2.350276559591293335e-01,-1.295246779918670654e-01,-1.381062567234039307e-01,-1.143605187535285950e-01,-1.092452257871627808e-01,-3.250837922096252441e-01,-4.525556266307830811e-01
0.000000000000000000e+00,1.438226643949747086e-02,-1.905093900859355927e-02,8.062473684549331665e-02,1.632255613803863525e-01,2.410530298948287964e-01,3.188239634037017822e-01,4.818502068519592285e-01,6.416066288948059082e-01,7.386879324913024902e-01,8.116139173507690430e-01,8.022296428680419922e-01,8.040553927421569824e-01,7.772384881973266602e-01,6.959983706474304199e-01,6.091281771659851074e-01,6.806222200393676758e-01,7.965911626815795898e-01,8.308195471763610840e-01,8.833755254745483398e-01,8.660559058189392090e-01,9.809490442276000977e-01
0.000000000000000000e+00,2.190348505973815918e-02,1.255287379026412964e-01,2.005528211593627930e-01,2.648782730102539062e-01,3.214593231678009033e-01,3.682518899440765381e-01,5.000182390213012695e-01,5.017178058624267578e-01,5.094062685966491699e-01,5.331799983978271484e-01,6.056630015373229980e-01,6.283740401268005371e-01,7.354415655136108398e-01,8.699885010719299316e-01,7.905625700950622559e-01,7.828119397163391113e-01,7.879378795623779297e-01,9.060358405113220215e-01,1.000000000000000000e+00,9.108197689056396484e-01,8.406946063041687012e-01
0.000000000000000000e+00,1.946585439145565033e-02,2.651238143444061279e-01,3.559122383594512939e-01,3.874827623367309570e-01,3.878394365310668945e-01,2.788975238800048828e-01,2.903270423412322998e-01,3.249834179878234863e-01,4.026780426502227783e-01,4.781992137432098389e-01,6.439049839973449707e-01,7.682456970214843750e-01,8.437142968177795410e-01,8.700161576271057129e-01,8.767280578613281250e-01,9.651671648025512695e-01,1.000000000000000000e+00,9.082183241844177246e-01,8.285208940505981445e-01,8.745000958442687988e-01,9.252288341522216797e-01
0.000000000000000000e+00,1.137895807623863220e-01,2.185216248035430908e-01,2.673309147357940674e-01,2.402892261743545532e-01,2.713037729263305664e-01,2.835364043712615967e-01,3.580978214740753174e-01,3.609841465950012207e-01,3.818659186363220215e-01,5.083955526351928711e-01,5.086378455162048340e-01,6.621423363685607910e-01,6.827563047409057617e-01,8.417196869850158691e-01,9.177161455154418945e-01,8.975083231925964355e-01,8.321059346199035645e-01,8.659006953239440918e-01,8.248800039291381836e-01,1.000000000000000000e+00,9.613279700279235840e-01
0.000000000000000000e+00,6.135229580310066350e-02,8.509861281210975847e-02,1.323884426821722582e-01,1.416084192102705086e-01,1.227254546835165189e-01,2.529082377954756655e-01,2.454651939965461216e-01,2.008633178984152445e-01,2.761433154324370864e-01,4.349893353963345533e-01,4.929809841508276391e-01,5.176024226731654743e-01,6.086180673497726401e-01,6.838860357220992725e-01,7.495765359171973063e-01,8.059019578212481827e-01,8.395292913846391647e-01,9.526278455545856838e-01,9.723143204914513893e-01,9.966461193548460384e-01,1.000000000000000000e+00
0.000000000000000000e+00,-1.522822903599247990e-01,-1.745390548690738952e-01,-2.535287485191912160e-01,-2.618918963953563162e-01,-4.245844808857637126e-02,-8.307605148334789788e-03,-2.547828239668457617e-01,-2.632570572986714930e-01,3.089766569784280215e-01,9.035968677075373323e-02,-7.853702041830021296e-02,2.405797549930928647e-01,-9.561283862219122770e-03,-1.266453541285306461e-01,-3.895052809232153468e-01,-5.253477173129063038e-01,-3.513632962545951699e-01,-3.948207199765768616e-01,-4.747157600903283425e-01,-8.706639974418606265e-02,4.746522826870936962e-01
0.000000000000000000e+00,1.191363079036882600e-01,1.075100384224918632e-01,8.842731417576625563e-02,1.246286876661582138e-01,1.369975268912405619e-01,7.640559335167201871e-02,2.477854175559744965e-01,4.899686077542296236e-01,4.834348727887953778e-01,6.070309930596092807e-01,7.952700064875989350e-01,7.073350292337404754e-01,7.885167960268564258e-01,1.000000000000000000e+00,9.908518922676300411e-01,9.874945103664274360e-01,8.434539950581764201e-01,8.460024592679624700e-01,8.048361941674881948e-01,9.331331324294047658e-01,9.650111242659709099e-01
0.000000000000000000e+00,8.404033171208169506e-02,1.157759631268808209e-01,2.074460550750505949e-01,2.276501468164000008e-01,2.070839745778937924e-01,2.076777865932309397e-01,2.632933509565152930e-01,2.904088352275936424e-01,3.035885653241011672e-01,3.700897177539074767e-01,6.001295958515423523e-01,6.523126371017802239e-01,6.116436108289297069e-01,7.017960061652170900e-01,8.365073309714098349e-01,8.926875960780599195e-01,1.000000000000000000e+00,9.543830713174024094e-01,9.039180296100740586e-01,9.023883119256860263e-01,9.283833743063624189e-01
0.000000000000000000e+00,-1.255332632065455853e-02,-3.457346351235621867e-02,4.894329459558904166e-02,3.417069524035429295e-02,-5.953058633254668802e-02,-7.230706185509537531e-02,2.683762451335985552e-02,1.026897192062120046e-01,1.052239365626988915e-01,1.221747226175997070e-01,2.781946572796356043e-01,3.822341160458327947e-01,5.619982865929179505e-01,5.874663156967058208e-01,5.250025621682832266e-01,6.695244325465478097e-01,7.090082476617064478e-01,7.613131375923316568e-01,8.253665809861300273e-01,8.846533985806733780e-01,9.276929381449046108e-01
0.000000000000000000e+00,-1.931128639597924079e-01,2.477999815062462974e-01,5.630493247060231604e-02,5.704312852148655383e-02,2.066405008543648059e-01,3.493066007936773132e-01,1.397133157357755562e-01,-7.199354117307900369e-02,-2.606298288706144217e-01,-3.519874180310990086e-01,-5.075144472737642687e-01,-1.146845843684266564e-01,-5.057031472794367571e-02,4.760976003966055359e-02,-1.070695093171997320e-01,-4.150985180908540739e-01,-3.081541135780673235e-01,-5.477733287435669896e-01,-6.506933992063227423e-01,-4.752583880440213737e-01,1.994364844462092057e-01
0.000000000000000000e+00,1.157354656606912613e-02,3.483984619379043579e-02,1.266093105077743530e-01,1.928138285875320435e-01,2.443402111530303955e-01,3.637607693672180176e-01,4.127215743064880371e-01,2.919275462627410889e-01,2.682880759239196777e-01,3.772960603237152100e-01,6.898750662803649902e-01,8.313154578208923340e-01,7.971182465553283691e-01,8.682051301002502441e-01,8.813284039497375488e-01,9.232274293899536133e-01,9.906343817710876465e-01,9.614906311035156250e-01,1.000000000000000000e+00,9.807556867599487305e-01,9.173629283905029297e-01
0.000000000000000000e+00,5.121874213218688965e-01,7.893824577331542969e-01,7.817027568817138672e-01,9.805142879486083984e-01,8.504470586776733398e-01,7.773389220237731934e-01,6.235434412956237793e-01,2.512131333351135254e-01,3.879337757825851440e-02,2.125920206308364868e-01,1.993857696652412415e-02,3.341825306415557861e-01,4.719657599925994873e-01,6.490013599395751953e-01,7.085874676704406738e-01,7.393712997436523438e-01,4.102053642272949219e-01,5.612159967422485352e-01,8.032630085945129395e-01,9.024251699447631836e-01,1.000000000000000000e+00
0.000000000000000000e+00,1.041598990559577942e-02,3.432634845376014709e-02,8.884289860725402832e-02,8.897482603788375854e-02,1.263732612133026123e-01,6.453371793031692505e-02,1.576332151889801025e-01,2.607019543647766113e-01,3.047272264957427979e-01,3.946146070957183838e-01,4.866838455200195312e-01,4.608808159828186035e-01,4.700903892517089844e-01,5.989379882812500000e-01,8.384069204330444336e-01,9.926019310951232910e-01,9.511825442314147949e-01,9.482285380363464355e-01,1.000000000000000000e+00,9.751184582710266113e-01,9.359288215637207031e-01
0.000000000000000000e+00,-4.413352534174919128e-02,1.287124701775610447e-03,7.667984068393707275e-02,1.265002340078353882e-01,2.158096730709075928e-01,2.609769105911254883e-01,2.999554574489593506e-01,3.144637644290924072e-01,3.479599356651306152e-01,4.871581494808197021e-01,6.846637129783630371e-01,6.880578994750976562e-01,7.184166908264160156e-01,6.952952146530151367e-01,8.135278224945068359e-01,7.996231317520141602e-01,8.739669919013977051e-01,9.471969604492187500e-01,9.452415108680725098e-01,9.554553031921386719e-01,9.558664560317993164e-01
0.000000000000000000e+00,1.280863303691148758e-02,-5.093752872198820114e-03,-9.476467967033386230e-02,-3.509106859564781189e-02,4.176428914070129395e-02,8.725237101316452026e-02,1.511034667491912842e-01,3.419524431228637695e-01,3.883439898490905762e-01,4.499008357524871826e-01,5.999125242233276367e-01,7.259144783020019531e-01,8.368099927902221680e-01,8.128697872161865234e-01,8.311814069747924805e-01,9.052352905273437500e-01,8.845764398574829102e-01,8.098282814025878906e-01,7.696882486343383789e-01,7.057980298995971680e-01,6.725101470947265625e-01
0.000000000000000000e+00,2.048701494932174683e-01,2.316759824752807617e-01,2.989201843738555908e-01,1.285777240991592407e-01,2.631471026688814163e-03,1.177558023482561111e-02,-3.625357523560523987e-02,5.441553145647048950e-02,1.329596340656280518e-01,1.510512530803680420e-01,1.823966205120086670e-01,3.391816914081573486e-01,5.533983707427978516e-01,8.507290482521057129e-01,8.476372957229614258e-01,8.128970861434936523e-01,8.283823132514953613e-01,8.516910672187805176e-01,9.048915505409240723e-01,9.405738115310668945e-01,9.637464284896850586e-01
0.000000000000000000e+00,1.549567561596632004e-02,1.366287767887115479e-01,2.643396556377410889e-01,3.399505913257598877e-01,3.404946029186248779e-01,3.432816863059997559e-01,3.498550355434417725e-01,4.650085568428039551e-01,4.865703880786895752e-01,5.784366726875305176e-01,6.662234067916870117e-01,7.417351603507995605e-01,8.513662815093994141e-01,8.889893889427185059e-01,9.442604780197143555e-01,9.659215807914733887e-01,9.728838801383972168e-01,9.970640540122985840e-01,1.000000000000000000e+00,9.640823006629943848e-01,9.781230092048645020e-01
0.000000000000000000e+00,7.066003233194351196e-02,1.400139182806015015e-01,1.763770729303359985e-01,2.679674625396728516e-01,6.333011984825134277e-01,7.997590899467468262e-01,6.168138980865478516e-01,2.513891160488128662e-01,-1.542315781116485596e-01,-2.002408802509307861e-01,-2.778223948553204536e-03,7.303677499294281006e-02,9.418660402297973633e-02,1.607783287763595581e-01,2.354210168123245239e-01,1.976446658372879028e-01,3.360794484615325928e-01,3.260639011859893799e-01,2.877581417560577393e-01,1.864728927612304688e-01,1.369038075208663940e-01
0.000000000000000000e+00,1.701297909021377563e-01,1.127472817897796631e-01,3.461187779903411865e-01,5.857827663421630859e-01,3.906317651271820068e-01,3.096767067909240723e-01,3.277975022792816162e-01,2.872876226902008057e-01,1.191949769854545593e-01,4.614205658435821533e-01,6.865597367286682129e-01,9.350833296775817871e-01,1.000000000000000000e+00,8.257635831832885742e-01,6.251543760299682617e-01,6.002043485641479492e-01,5.936787128448486328e-01,5.318278074264526367e-01,5.565838217735290527e-01,4.218742847442626953e-01,5.734441876411437988e-01
0.000000000000000000e+00,7.230356335639953613e-03,-7.131518423557281494e-02,-1.183727532625198364e-01,-9.272476285696029663e-02,-7.574899494647979736e-02,1.000238656997680664e-01,2.060474902391433716e-01,2.316688746213912964e-01,2.474221289157867432e-01,3.477755784988403320e-01,4.612755179405212402e-01,5.170118212699890137e-01,4.846886694431304932e-01,5.355119705200195312e-01,6.652727127075195312e-01,7.525704503059387207e-01,8.232337236404418945e-01,8.816272616386413574e-01,8.435623049736022949e-01,8.703137040138244629e-01,8.542829751968383789e-01
0.000000000000000000e+00,2.571351081132888794e-02,1.257936209440231323e-01,1.818934679031372070e-01,2.147855311632156372e-01,2.665253877639770508e-01,3.946971595287322998e-01,5.434561967849731445e-01,6.205263733863830566e-01,6.121215224266052246e-01,6.984906196594238281e-01,8.522129654884338379e-01,8.894648551940917969e-01,9.596088528633117676e-01,1.000000000000000000e+00,9.584366083145141602e-01,9.450266957283020020e-01,9.157738089561462402e-01,8.483669161796569824e-01,8.227246403694152832e-01,8.577745556831359863e-01,8.291908502578735352e-01
0.000000000000000000e+00,-1.350482646375894547e-02,5.638058762997388840e-03,1.141094043850898743e-01,1.576827913522720337e-01,1.780640929937362671e-01,2.521245181560516357e-01,4.427451789379119873e-01,4.328748285770416260e-01,4.820089936256408691e-01,6.368830204010009766e-01,5.814529657363891602e-01,7.647373676300048828e-01,8.204200863838195801e-01,8.245998620986938477e-01,8.189793229103088379e-01,8.005765676498413086e-01,8.036059737205505371e-01,9.281585216522216797e-01,9.864951968193054199e-01,9.824780225753784180e-01,9.327860474586486816e-01
0.000000000000000000e+00,-2.051260694861412048e-02,1.450487691909074783e-02,6.417278945446014404e-02,1.041674315929412842e-01,1.277700662612915039e-01,1.578588932752609253e-01,2.300670892000198364e-01,4.009552896022796631e-01,4.608050584793090820e-01,5.886068940162658691e-01,6.418615579605102539e-01,7.509847283363342285e-01,8.213474154472351074e-01,9.176668524742126465e-01,9.794874191284179688e-01,9.384338855743408203e-01,9.446390271186828613e-01,9.464693069458007812e-01,8.041406869888305664e-01,7.538620829582214355e-01,7.889279723167419434e-01
0.000000000000000000e+00,-2.098118886351585388e-02,9.704512543976306915e-03,9.435980021953582764e-02,1.934008747339248657e-01,3.357984423637390137e-01,4.467708766460418701e-01,5.040593743324279785e-01,6.486252546310424805e-01,6.685624122619628906e-01,6.858363747596740723e-01,7.281397581100463867e-01,7.524946331977844238e-01,8.066040873527526855e-01,8.018382191658020020e-01,8.181535005569458008e-01,8.658887743949890137e-01,9.790188074111938477e-01,9.435161948204040527e-01,9.322655797004699707e-01,9.781025648117065430e-01,9.756934642791748047e-01
0.000000000000000000e+00,1.648726165294647217e-01,2.728101909160614014e-01,2.683874368667602539e-01,4.012604951858520508e-01,3.596773743629455566e-01,3.370055854320526123e-01,3.560961484909057617e-01,4.222266674041748047e-01,5.808164477348327637e-01,6.018546819686889648e-01,6.228814721107482910e-01,6.922942399978637695e-01,8.350105881690979004e-01,7.932559847831726074e-01,8.337795138359069824e-01,9.605197906494140625e-01,1.000000000000000000e+00,9.109759330749511719e-01,7.550342082977294922e-01,6.565412282943725586e-01,6.077250838279724121e-01
0.000000000000000000e+00,8.327984809875488281e-02,-1.884423196315765381e-01,1.275321934372186661e-02,1.351025402545928955e-01,1.811365187168121338e-01,1.106938719749450684e-01,-1.023436859250068665e-01,9.307570755481719971e-02,2.648182809352874756e-01,5.971884131431579590e-01,6.703898310661315918e-01,4.598657488822937012e-01,1.834160089492797852e-01,1.289718877524137497e-02,6.079674512147903442e-02,1.217488572001457214e-01,-5.584842339158058167e-02,-2.042734622955322266e-01,-2.532348036766052246e-01,-2.478239685297012329e-01,-3.296101391315460205e-01
0.000000000000000000e+00,3.254218772053718567e-02,3.759913519024848938e-02,1.100561842322349548e-01,2.435201257467269897e-01,3.719923198223114014e-01,4.750338196754455566e-01,4.891926646232604980e-01,6.183090806007385254e-01,7.042273283004760742e-01,5.911433100700378418e-01,5.729044675827026367e-01,6.822414398193359375e-01,7.947176098823547363e-01,8.499881625175476074e-01,8.870064020156860352e-01,9.815495610237121582e-01,1.000000000000000000e+00,9.712914228439331055e-01,9.245884418487548828e-01,7.529329061508178711e-01,7.237356901168823242e-01
0.000000000000000000e+00,6.331913918256759644e-02,-9.679223410785198212e-03,-4.671550914645195007e-02,3.789909556508064270e-02,4.649397358298301697e-02,1.460367888212203979e-01,3.147338330745697021e-01,3.894974291324615479e-01,4.514849781990051270e-01,4.613503813743591309e-01,3.900206089019775391e-01,5.911698341369628906e-01,6.036587953567504883e-01,6.474260091781616211e-01,7.889828085899353027e-01,7.866074442863464355e-01,7.962816953659057617e-01,7.999346852302551270e-01,8.827041387557983398e-01,9.532845020294189453e-01,9.209259152412414551e-01
0.000000000000000000e+00,8.117192238569259644e-02,1.239771544933319092e-01,9.089603275060653687e-02,2.117605209350585938e-01,3.623300790786743164e-01,5.110559463500976562e-01,6.050527095794677734e-01,5.498805642127990723e-01,4.366151988506317139e-01,6.839380264282226562e-01,8.755708932876586914e-01,9.804649949073791504e-01,9.944720268249511719e-01,1.000000000000000000e+00,9.947114586830139160e-01,9.709354043006896973e-01,8.948844671249389648e-01,6.904925704002380371e-01,4.989464879035949707e-01,4.671343564987182617e-01,4.477370381355285645e-01
0.000000000000000000e+00,-4.129359498620033264e-02,-5.822645127773284912e-02,-6.520650349557399750e-03,7.278177887201309204e-02,1.689720451831817627e-01,2.621931731700897217e-01,2.315304130315780640e-01,2.117642313241958618e-01,2.291616350412368774e-01,4.054931402206420898e-01,4.570021629333496094e-01,5.108225941658020020e-01,6.590126752853393555e-01,6.663525700569152832e-01,8.384105563163757324e-01,8.927037715911865234e-01,9.161002039909362793e-01,9.417735338211059570e-01,9.290946722030639648e-01,9.002551436424255371e-01,8.699728250503540039e-01
0.000000000000000000e+00,8.570290356874465942e-02,2.321223616600036621e-01,3.175570368766784668e-01,4.866924285888671875e-01,5.524479150772094727e-01,5.511472225189208984e-01,6.100146770477294922e-01,6.401239633560180664e-01,6.044014096260070801e-01,5.495606064796447754e-01,5.825746655464172363e-01,7.374697923660278320e-01,8.281518220901489258e-01,9.537403583526611328e-01,9.903684258460998535e-01,9.928878545761108398e-01,9.505470395088195801e-01,9.833955764770507812e-01,1.000000000000000000e+00,9.585205316543579102e-01,9.783518314361572266e-01
0.000000000000000000e+00,3.466853871941566467e-02,2.832534909248352051e-02,1.866355091333389282e-01,3.643703460693359375e-01,3.687532842159271240e-01,4.644585549831390381e-01,4.614967703819274902e-01,4.819872975349426270e-01,4.801096320152282715e-01,5.184966325759887695e-01,6.340155601501464844e-01,7.835167646408081055e-01,8.320173025131225586e-01,9.802688956260681152e-01,9.896996021270751953e-01,9.114770293235778809e-01,9.137654304504394531e-01,7.959980368614196777e-01,8.198944926261901855e-01,9.422252178192138672e-01,1.000000000000000000e+00
0.000000000000000000e+00,1.435170471668243408e-01,3.440872132778167725e-01,3.751143813133239746e-01,5.865518450736999512e-01,6.375659108161926270e-01,6.031211018562316895e-01,4.971535205841064453e-01,3.709036111831665039e-01,2.905383706092834473e-01,3.038479387760162354e-01,3.916656374931335449e-01,5.971626043319702148e-01,7.003777623176574707e-01,9.493017196655273438e-01,1.000000000000000000e+00,9.296396970748901367e-01,7.127599716186523438e-01,7.940646409988403320e-01,7.744952440261840820e-01,7.019941210746765137e-01,7.026830315589904785e-01
0.000000000000000000e+00,2.220005989074707031e-01,2.839188873767852783e-01,1.967242062091827393e-01,2.900481820106506348e-01,4.091645777225494385e-01,3.948676288127899170e-01,3.572240769863128662e-01,3.739691376686096191e-01,5.620073676109313965e-01,6.408039331436157227e-01,8.523157238960266113e-01,8.848913311958312988e-01,8.369955420494079590e-01,7.936646938323974609e-01,8.510684967041015625e-01,8.146681189537048340e-01,7.689861059188842773e-01,8.491632938385009766e-01,9.611998200416564941e-01,1.000000000000000000e+00,9.385232925415039062e-01
0.000000000000000000e+00,2.557814717292785645e-01,3.836866021156311035e-01,3.779918551445007324e-01,4.240488409996032715e-01,4.199182093143463135e-01,3.250715732574462891e-01,2.324583083391189575e-01,2.762036919593811035e-01,5.053285360336303711e-01,6.290490031242370605e-01,8.438633680343627930e-01,9.014329910278320312e-01,9.077909588813781738e-01,8.110710382461547852e-01,8.476958274841308594e-01,8.703041672706604004e-01,8.413745760917663574e-01,8.937377333641052246e-01,9.499182105064392090e-01,1.000000000000000000e+00,9.981442689895629883e-01
0.000000000000000000e+00,-1.058280616998672485e-01,-5.442082509398460388e-02,5.886445287615060806e-03,-4.459618031978607178e-02,-6.773272156715393066e-02,7.320371270179748535e-02,3.933245241641998291e-01,4.228302240371704102e-01,4.939987361431121826e-01,5.515767335891723633e-01,6.699886918067932129e-01,5.766898989677429199e-01,5.752081871032714844e-01,6.457303762435913086e-01,6.726986169815063477e-01,7.231972217559814453e-01,8.014287948608398438e-01,8.587616682052612305e-01,8.941719532012939453e-01,8.121141791343688965e-01,6.940888762474060059e-01
0.000000000000000000e+00,-7.264351006597280502e-03,1.119728758931159973e-01,3.270086944103240967e-01,4.002596735954284668e-01,4.617297947406768799e-01,4.961941540241241455e-01,6.200534105300903320e-01,5.848113298416137695e-01,6.068173050880432129e-01,7.090352177619934082e-01,8.216974139213562012e-01,8.776661753654479980e-01,9.294257164001464844e-01,9.503055810928344727e-01,9.724780321121215820e-01,9.244701266288757324e-01,8.478593230247497559e-01,9.405940771102905273e-01,9.927356243133544922e-01,9.590520262718200684e-01,8.575695157051086426e-01
0.000000000000000000e+00,-8.127995766699314117e-03,-5.939242988824844360e-02,2.100391089916229248e-01,4.900448918342590332e-01,9.526992589235305786e-02,1.073794588446617126e-01,3.824847042560577393e-01,4.279461503028869629e-01,3.736033737659454346e-01,5.047749280929565430e-01,5.668086409568786621e-01,8.087733387947082520e-01,7.233338952064514160e-01,3.883888721466064453e-01,7.060737609863281250e-01,8.881881833076477051e-01,9.406075477600097656e-01,7.240819334983825684e-01,8.348349332809448242e-01,6.193585991859436035e-01,6.677514910697937012e-01
0.000000000000000000e+00,1.474844366312026978e-01,3.827074170112609863e-01,3.848614096641540527e-01,3.752266466617584229e-01,1.993443071842193604e-01,3.253034353256225586e-01,4.704725742340087891e-01,5.319768786430358887e-01,6.968994736671447754e-01,7.564113736152648926e-01,8.969244360923767090e-01,8.682010173797607422e-01,7.042195796966552734e-01,6.286833286285400391e-01,8.739486336708068848e-01,1.000000000000000000e+00,9.278510808944702148e-01,7.260635495185852051e-01,7.451390624046325684e-01,6.519152522087097168e-01,8.253213763236999512e-01
0.000000000000000000e+00,-2.914946588949040435e-02,3.200742469417805318e-03,1.270634773217541036e-01,1.029398626765791191e-01,-7.717345731818486473e-03,2.179654204123816080e-02,2.069254297703756462e-01,2.792463558347242913e-01,2.372403601199485623e-01,1.928348787520617891e-01,2.689307099242512211e-01,4.878902029643502614e-01,5.746208973347927129e-01,5.708481346248565069e-01,4.774395859858897584e-01,4.599147711265606508e-01,6.281748462347463979e-01,8.123482244984485678e-01,9.123634997955081261e-01,8.889723709939033602e-01,9.708505341105095887e-01
0.000000000000000000e+00,-1.730362679029908562e-02,-4.873694293147128737e-02,-5.008586634322732822e-02,1.207513163338755496e-01,3.050210556742633528e-01,4.015257570690954902e-01,4.900446051565147676e-01,6.154774792135436767e-01,6.864603229481344160e-01,7.292461331806820990e-01,7.541615420801759395e-01,8.859139522889190044e-01,9.499141336567726857e-01,9.440536848846897700e-01,8.487108713025045548e-01,8.289644462329329722e-01,8.765111626246195886e-01,8.295425562665427188e-01,6.504701394832149708e-01,5.208034595918089593e-01,4.357249329789102954e-01
0.000000000000000000e+00,1.502791216970599149e-02,1.185485671752884301e-01,8.648306661704503739e-02,3.502791216970599364e-02,1.074804614812058072e-02,1.811313732787495356e-01,2.992184592482322048e-01,1.610643840714551522e-01,-2.983252698176405010e-02,-5.323409006326758341e-02,1.335318198734648278e-02,1.254931149981391991e-01,3.284034238928172922e-01,1.989653889095645833e-01,3.431336062523260289e-01,6.589877186453293456e-01,7.531447711202083894e-01,8.449497580945292130e-01,9.467659099367323750e-01,7.821808708596947879e-01,7.302865649423148087e-01
0.000000000000000000e+00,-6.132481035115277396e-02,-8.816338290307644543e-02,-1.066046675745429689e-01,1.701832675899140127e-02,-7.250100233632386648e-02,-1.718487170662950370e-01,-1.010396660166151261e-01,-1.123029353783644574e-01,-8.941294325697404788e-02,1.152491794850243889e-01,1.484786635818559630e-01,2.675168447399017824e-01,6.140927540643364990e-01,7.461550605774592837e-01,8.281512829337049908e-01,6.696443343483526878e-01,5.783115242364733621e-01,3.680647128774946486e-01,3.696097684158239915e-01,3.251363234190061124e-01,3.035748291863679116e-01
0.000000000000000000e+00,7.105948510384181571e-02,8.196204631411320440e-02,4.603211465728883345e-02,-1.165649260168535595e-01,-1.336133965894764908e-01,-1.588926995554375970e-02,1.446486629951562741e-01,3.842729828810297898e-01,4.863935704332824628e-01,6.236625804525247618e-01,7.151379304624776445e-01,7.032131245438258960e-01,8.150711631610377816e-01,8.663866034105235370e-01,8.277258476544356869e-01,8.113552103377347224e-01,8.077435555039479409e-01,7.592852166412314974e-01,7.476921737111007493e-01,7.362007331962046042e-01,7.244397352531352086e-01
0.000000000000000000e+00,-2.873272885561826626e-02,-5.303196309171991779e-02,-7.166081337984376957e-03,-2.240345037932852112e-01,-4.351466677721778642e-01,-6.835316343995593291e-01,-8.952005022179317928e-01,-1.000000000000000000e+00,-8.794854635151702071e-01,-3.826773309012087565e-01,-1.555131447252311172e-01,-2.123976168337765313e-01,-2.978928167437563390e-01,-2.205290463189439332e-01,-2.942887516212518983e-01,-3.920850335502898965e-01,-3.423163025389248659e-01,-4.257333388608892100e-01,-3.726596229812083050e-01,-1.894747440050695564e-01,-1.380832805254336715e-02
0.000000000000000000e+00,1.178870536386966705e-02,2.277926355600357056e-01,2.613666653633117676e-01,3.024421036243438721e-01,4.656336009502410889e-01,3.429064750671386719e-01,3.487201929092407227e-01,4.010039269924163818e-01,4.360337257385253906e-01,5.764290690422058105e-01,6.482744216918945312e-01,6.720467805862426758e-01,6.711314320564270020e-01,7.322056889533996582e-01,9.160284399986267090e-01,1.000000000000000000e+00,9.810281395912170410e-01,9.190686941146850586e-01,8.007463216781616211e-01,6.693550348281860352e-01,6.802334785461425781e-01
0.000000000000000000e+00,2.367071658372879028e-01,4.500284790992736816e-01,4.739045798778533936e-01,4.503862261772155762e-01,4.596345722675323486e-01,2.916142344474792480e-01,2.073191702365875244e-01,4.462390542030334473e-01,6.292316317558288574e-01,2.178659886121749878e-01,7.177401334047317505e-02,-2.032382488250732422e-01,-8.373855613172054291e-03,3.647794723510742188e-01,5.930862426757812500e-01,6.768380999565124512e-01,7.689372301101684570e-01,7.967617511749267578e-01,7.589866518974304199e-01,7.343685626983642578e-01,7.279556989669799805e-01
0.000000000000000000e+00,1.429831236600875854e-02,-1.164238154888153076e-02,8.977802842855453491e-02,2.187247723340988159e-01,2.686777412891387939e-01,2.119057625532150269e-01,3.046974539756774902e-01,3.981630206108093262e-01,4.441807866096496582e-01,6.754481196403503418e-01,8.132947087287902832e-01,9.624600410461425781e-01,9.883576035499572754e-01,8.399130105972290039e-01,7.172346711158752441e-01,7.143535017967224121e-01,7.286508679389953613e-01,8.038801550865173340e-01,8.288930058479309082e-01,8.558755517005920410e-01,8.622412085533142090e-01
0.000000000000000000e+00,8.466009981930255890e-03,1.186872050166130066e-01,2.427098304033279419e-01,2.916730642318725586e-01,1.603208184242248535e-01,2.401669621467590332e-01,3.936509490013122559e-01,5.130293369293212891e-01,7.401813268661499023e-01,8.944668769836425781e-01,1.000000000000000000e+00,9.894903302192687988e-01,8.295721411705017090e-01,7.024375796318054199e-01,6.739922165870666504e-01,6.206651926040649414e-01,6.421340703964233398e-01,6.632194519042968750e-01,7.119703292846679688e-01,7.329995036125183105e-01,6.830357313156127930e-01
0.000000000000000000e+00,-1.974329119548201561e-03,-8.373423665761947632e-02,4.848190769553184509e-02,4.022411629557609558e-02,2.199487686157226562e-01,1.195074841380119324e-01,3.555503860116004944e-02,3.303759098052978516e-01,3.913567960262298584e-01,3.922654986381530762e-01,3.821202814579010010e-01,3.137741982936859131e-01,5.565399304032325745e-02,-4.766468703746795654e-02,-4.225754365324974060e-02,4.834338556975126266e-03,-1.662795394659042358e-01,-4.101197421550750732e-01,-6.077345013618469238e-01,-5.510638356208801270e-01,-3.390460312366485596e-01
0.000000000000000000e+00,-8.036349713802337646e-02,-7.589204609394073486e-02,2.912585623562335968e-02,1.360048204660415649e-01,2.836875319480895996e-01,4.475151896476745605e-01,6.332490444183349609e-01,7.131548523902893066e-01,5.889004468917846680e-01,4.460084438323974609e-01,4.450517296791076660e-01,3.391451239585876465e-01,3.503541946411132812e-01,4.490304887294769287e-01,5.976328849792480469e-01,7.097060084342956543e-01,7.484184503555297852e-01,7.276706695556640625e-01,7.897171974182128906e-01,9.196364879608154297e-01,8.086998462677001953e-01
0.000000000000000000e+00,5.540543794631958008e-02,1.561007648706436157e-01,1.678236126899719238e-01,1.484398692846298218e-01,8.904528617858886719e-02,1.665133088827133179e-01,2.533194422721862793e-01,3.909361958503723145e-01,5.572981238365173340e-01,7.400009036064147949e-01,8.626714944839477539e-01,8.082735538482666016e-01,7.179819941520690918e-01,7.471435666084289551e-01,8.692200779914855957e-01,9.351574778556823730e-01,1.000000000000000000e+00,9.676064252853393555e-01,8.684950470924377441e-01,8.674002289772033691e-01,9.273713827133178711e-01
0.000000000000000000e+00,-3.415779396891593933e-02,-3.085768781602382660e-02,-4.902527853846549988e-02,7.144558429718017578e-02,2.038920819759368896e-01,4.762018024921417236e-01,5.359439253807067871e-01,7.297655940055847168e-02,2.562855184078216553e-01,6.004490852355957031e-01,8.468682765960693359e-01,7.577314376831054688e-01,8.223386406898498535e-01,7.138094305992126465e-01,5.475453138351440430e-01,5.297519564628601074e-01,9.410403966903686523e-01,7.088082432746887207e-01,5.397543907165527344e-01,7.983193397521972656e-01,9.509747028350830078e-01
0.000000000000000000e+00,-3.884998336434364319e-02,-1.118422001600265503e-01,-2.372249215841293335e-01,-3.804977536201477051e-01,-3.317815959453582764e-01,-2.851103842258453369e-01,-4.128072559833526611e-01,-5.174902081489562988e-01,-5.439134836196899414e-01,-4.703780412673950195e-01,-1.290612667798995972e-01,5.574665591120719910e-02,2.607016265392303467e-01,4.040053784847259521e-01,3.884026706218719482e-01,2.719229459762573242e-01,2.320311665534973145e-01,2.312053143978118896e-01,2.839537560939788818e-01,3.437806367874145508e-01,4.560865461826324463e-01
0.000000000000000000e+00,-1.539444178342819214e-01,-2.334249019622802734e-01,-3.275762796401977539e-01,-3.859584927558898926e-01,-3.064860105514526367e-01,-1.399696022272109985e-01,-8.318220265209674835e-03,1.874840073287487030e-02,5.433912947773933411e-02,1.933672875165939331e-01,3.423514366149902344e-01,2.121479660272598267e-01,2.488852143287658691e-01,1.242481842637062073e-01,-1.729701906442642212e-01,-3.147666454315185547e-01,2.597610466182231903e-02,1.638228148221969604e-01,1.813873499631881714e-01,3.466529846191406250e-01,6.140415072441101074e-01
0.000000000000000000e+00,6.453540176153182983e-02,1.936134845018386841e-01,3.997581303119659424e-01,4.261099398136138916e-01,6.220620870590209961e-01,7.874367833137512207e-01,6.347826719284057617e-01,3.431493937969207764e-01,-4.611752927303314209e-03,-1.965131312608718872e-01,3.765900805592536926e-02,3.768815100193023682e-02,2.028734236955642700e-01,3.875985443592071533e-01,6.012982726097106934e-01,8.034868836402893066e-01,7.278191447257995605e-01,5.688703060150146484e-01,4.880079925060272217e-01,3.056142330169677734e-01,1.893732994794845581e-01
0.000000000000000000e+00,7.940758019685745239e-03,-3.085883148014545441e-02,-1.030791625380516052e-01,-2.413039952516555786e-01,-4.727892875671386719e-01,-5.709185004234313965e-01,-3.382484912872314453e-01,-2.687778770923614502e-01,-2.224455624818801880e-01,-9.551179409027099609e-02,1.097215786576271057e-01,2.096105217933654785e-01,3.253856301307678223e-01,3.719473183155059814e-01,4.290814995765686035e-01,4.044012725353240967e-01,3.335441946983337402e-01,2.168185263872146606e-01,1.711959093809127808e-01,2.277038544416427612e-01,1.764517724514007568e-01
0.000000000000000000e+00,1.457007378339767456e-01,1.436953246593475342e-01,1.692866235971450806e-01,3.445953726768493652e-01,3.280655145645141602e-01,2.599637508392333984e-01,-6.987419724464416504e-02,-4.372596442699432373e-01,-5.144122838973999023e-01,-5.841334462165832520e-01,-6.554046273231506348e-01,-5.490497350692749023e-01,-3.541202843189239502e-01,-8.181688189506530762e-02,-3.956096246838569641e-02,-9.745559096336364746e-02,-1.748675554990768433e-01,-8.316892385482788086e-02,-2.930559404194355011e-02,1.059535220265388489e-01,-2.403470575809478760e-01
0.000000000000000000e+00,-1.545454859733581543e-01,-1.434713900089263916e-01,-1.531967818737030029e-01,-1.477418839931488037e-01,-1.169999614357948303e-01,2.877978980541229248e-02,3.286100327968597412e-01,5.763156414031982422e-01,7.658611536026000977e-01,7.458469867706298828e-01,6.505702733993530273e-01,6.165051460266113281e-01,6.257105469703674316e-01,7.334951758384704590e-01,8.094925880432128906e-01,8.454545140266418457e-01,7.603302597999572754e-01,8.028254508972167969e-01,7.750105261802673340e-01,6.339027881622314453e-01,7.164814472198486328e-01
0.000000000000000000e+00,-1.996424347162246704e-01,-3.060610592365264893e-01,-2.955163717269897461e-01,-3.852357268333435059e-01,-4.005006551742553711e-01,-3.073054552078247070e-01,-9.748226404190063477e-02,-1.971536278724670410e-01,-7.386322319507598877e-02,-1.946145296096801758e-01,-1.513209939002990723e-01,-2.996677719056606293e-02,3.419760242104530334e-02,1.798619031906127930e-01,2.882069945335388184e-01,2.720115780830383301e-01,3.089474141597747803e-01,4.178097844123840332e-01,5.686120390892028809e-01,5.994993448257446289e-01,5.590680241584777832e-01
0.000000000000000000e+00,3.308136016130447388e-02,1.513964235782623291e-01,2.849163413047790527e-01,3.192960321903228760e-01,4.498845934867858887e-01,5.574495196342468262e-01,6.692556142807006836e-01,6.977207064628601074e-01,6.637737751007080078e-01,6.405655145645141602e-01,6.239988207817077637e-01,6.493363976478576660e-01,4.984477758407592773e-01,5.681073069572448730e-01,6.838430762290954590e-01,8.290940523147583008e-01,1.000000000000000000e+00,8.651125431060791016e-01,4.748066961765289307e-01,4.255741536617279053e-01,6.099191904067993164e-01
0.000000000000000000e+00,9.346363693475723267e-02,1.481660008430480957e-01,3.827459514141082764e-01,4.202103614807128906e-01,5.499647855758666992e-01,5.590608119964599609e-01,7.327604889869689941e-01,8.265449404716491699e-01,7.497381567955017090e-01,7.087398171424865723e-01,7.283367514610290527e-01,7.190425992012023926e-01,6.563755869865417480e-01,1.000000000000000000e+00,9.935153722763061523e-01,9.838789701461791992e-01,9.731907248497009277e-01,8.638083338737487793e-01,5.395610928535461426e-01,6.749206185340881348e-01,8.584043979644775391e-01
0.000000000000000000e+00,-1.379319280385971069e-01,-2.521834373474121094e-01,-3.427788019180297852e-01,-3.498974740505218506e-01,-4.457885026931762695e-01,-4.997440874576568604e-01,-5.788987874984741211e-01,-7.522193789482116699e-01,-8.730927109718322754e-01,-7.927592396736145020e-01,-6.134167909622192383e-01,-4.452234804630279541e-01,-2.700861096382141113e-01,-2.301410287618637085e-01,-8.250155299901962280e-02,-4.786200076341629028e-02,-4.951762035489082336e-02,7.269924134016036987e-02,1.237110272049903870e-01,1.269072890281677246e-01,6.431274116039276123e-02
0.000000000000000000e+00,-3.493819758296012878e-02,-7.600895315408706665e-02,1.617581956088542938e-02,1.789607703685760498e-01,2.941833138465881348e-01,2.850153446197509766e-01,3.012472689151763916e-01,3.504760861396789551e-01,5.427399873733520508e-01,4.413872063159942627e-01,5.918060541152954102e-01,6.597355008125305176e-01,8.248040676116943359e-01,9.239910244941711426e-01,7.195518016815185547e-01,4.576247334480285645e-01,4.799948334693908691e-01,3.523668944835662842e-01,1.438149809837341309e-01,-6.402437388896942139e-02,1.205191109329462051e-02
0.000000000000000000e+00,7.456969469785690308e-02,2.902712523937225342e-01,2.661031484603881836e-01,3.638246953487396240e-01,4.407898187637329102e-01,3.468930423259735107e-01,2.793831229209899902e-01,3.056163787841796875e-01,4.572813510894775391e-01,3.159289956092834473e-01,7.204560637474060059e-01,7.372015118598937988e-01,7.480096817016601562e-01,7.300581336021423340e-01,6.396784186363220215e-01,2.386045753955841064e-01,4.739040732383728027e-01,6.560895442962646484e-01,7.401257157325744629e-01,8.424430489540100098e-01,1.000000000000000000e+00
0.000000000000000000e+00,8.292844146490097046e-02,1.922831386327743530e-01,3.387953042984008789e-01,3.754045665264129639e-01,4.141315519809722900e-01,5.751522779464721680e-01,5.943317413330078125e-01,7.862469553947448730e-01,6.008275747299194336e-01,6.067676544189453125e-01,7.969180345535278320e-01,9.400659203529357910e-01,9.642768502235412598e-01,9.961025118827819824e-01,1.000000000000000000e+00,9.616710543632507324e-01,9.515030384063720703e-01,9.218776822090148926e-01,8.724345564842224121e-01,7.739687561988830566e-01,7.460105419158935547e-01
0.000000000000000000e+00,1.994504481554031372e-01,2.628037333488464355e-01,3.712778985500335693e-01,5.048403739929199219e-01,5.299695134162902832e-01,4.391020238399505615e-01,3.013135790824890137e-01,2.027695477008819580e-01,9.959145635366439819e-02,3.695775270462036133e-01,4.352931976318359375e-01,5.475217700004577637e-01,7.384296059608459473e-01,9.148593544960021973e-01,9.875624179840087891e-01,9.666637778282165527e-01,1.000000000000000000e+00,9.825792312622070312e-01,8.983318209648132324e-01,7.787213921546936035e-01,6.886247992515563965e-01
0.000000000000000000e+00,6.565381586551666260e-02,-3.631246834993362427e-02,-6.455869227647781372e-02,7.011287659406661987e-02,2.507230639457702637e-01,3.753852546215057373e-01,5.208234190940856934e-01,5.652852058410644531e-01,5.056905150413513184e-01,3.970152437686920166e-01,3.065029680728912354e-01,2.024911493062973022e-01,3.658103942871093750e-01,5.608432888984680176e-01,6.602075695991516113e-01,8.119525909423828125e-01,9.354413151741027832e-01,9.144397377967834473e-01,8.679606914520263672e-01,8.011795878410339355e-01,4.834828078746795654e-01
0.000000000000000000e+00,1.510022557340562344e-03,1.512047052383422852e-01,2.991039454936981201e-01,4.931966066360473633e-01,5.567170977592468262e-01,5.051805377006530762e-01,6.020443439483642578e-01,5.271770954132080078e-01,5.222954154014587402e-01,6.285908818244934082e-01,6.239579319953918457e-01,7.804161906242370605e-01,7.937672734260559082e-01,8.751226067543029785e-01,7.914044857025146484e-01,9.028176069259643555e-01,9.052170515060424805e-01,8.635636568069458008e-01,8.699957132339477539e-01,9.471157193183898926e-01,1.000000000000000000e+00
0.000000000000000000e+00,2.145736664533615112e-01,3.358075022697448730e-01,3.956810832023620605e-01,2.910067439079284668e-01,3.181085586547851562e-01,1.528987288475036621e-01,-8.185344934463500977e-02,-1.631914526224136353e-01,-2.598247528076171875e-01,-1.994357109069824219e-01,8.893410116434097290e-02,2.103306949138641357e-01,4.464447498321533203e-01,5.873579382896423340e-01,7.005072832107543945e-01,6.315455436706542969e-01,5.018800497055053711e-01,5.958546996116638184e-01,7.401752471923828125e-01,5.878896117210388184e-01,5.090149641036987305e-01
0.000000000000000000e+00,1.812078505754470825e-01,3.747441470623016357e-01,4.003281295299530029e-01,3.455272316932678223e-01,2.217013537883758545e-01,-8.288992196321487427e-02,-3.362483382225036621e-01,-5.582225918769836426e-01,-5.996718406677246094e-01,-3.397588431835174561e-01,-3.958282768726348877e-01,-3.779343068599700928e-01,-3.812750279903411865e-01,-5.128435492515563965e-01,-3.643298149108886719e-01,-2.170259654521942139e-01,-2.295268177986145020e-01,-3.767384588718414307e-01,-1.368598192930221558e-01,-1.228521540760993958e-01,-1.259767115116119385e-01
0.000000000000000000e+00,4.258984784990602762e-02,3.303935986624437909e-02,3.699236560279928199e-02,1.425033692463491541e-01,2.807826947516592897e-01,2.834527360431755016e-01,3.596161441069307130e-01,3.941075070035759409e-01,4.176040624582205707e-01,5.005251721504320184e-01,5.533710519885852719e-01,6.789838168605232260e-01,7.609850108876216046e-01,8.938739264128936490e-01,9.542535486577568005e-01,1.000000000000000000e+00,9.675649530764254269e-01,9.247616940124996354e-01,8.607410190567954533e-01,8.904088275022704613e-01,8.769164749615436794e-01
0.000000000000000000e+00,2.661337812736030636e-02,-1.406681777880924855e-02,-1.886814961107733182e-02,6.284322251589985475e-02,1.514302595706465693e-01,2.211156264224684864e-01,3.611449411659388709e-01,4.575225581259386165e-01,5.432840064678967629e-01,6.467620735009961264e-01,7.647683594006873253e-01,8.739567578449769503e-01,9.014515303579733185e-01,9.500741347324697106e-01,9.811318503889226994e-01,9.471382238365125827e-01,8.937929624306135690e-01,8.870433940821761398e-01,8.735170465519190852e-01,9.030859549804648445e-01,8.668069141938904432e-01
0.000000000000000000e+00,-2.908920607428532729e-02,1.173296956277316422e-02,-9.536634147827864616e-02,-1.389357856344485553e-01,-6.816259802131308110e-02,-1.088929183534406708e-01,9.041145435652488127e-02,-1.564192064143266059e-01,-3.713080681195408683e-01,-3.044254826046808304e-01,-5.367668522467674563e-01,-7.224333618467508877e-01,-6.975569138560636651e-01,-5.937652770166103045e-01,-4.278564902176308360e-01,-2.514850308973866078e-01,-3.292219988155964949e-01,-1.819267180143709361e-01,1.436497733867801718e-02,2.534144339129785761e-01,2.775666381532491123e-01
0.000000000000000000e+00,2.724782293217157744e-02,1.660085432168915132e-01,1.426964696030451896e-01,4.273951153687816085e-02,2.154226426128775240e-01,2.111376168398957087e-01,1.233414426523202073e-01,5.775413961815138719e-02,1.545590906544908327e-01,1.328866996164987102e-01,9.986729624457529875e-02,1.959698608495382965e-01,1.220846863359004442e-01,1.072191396682001530e-01,-9.447715125012219953e-03,-1.448562333388209444e-01,-2.666644801392675790e-01,-4.709011183448725824e-01,-5.646820593936092703e-01,-6.703128430869138565e-01,-7.845773573871224205e-01
0.000000000000000000e+00,1.754980350666197897e-02,6.028489150762314681e-03,-2.268551941471601968e-02,2.624148063567270650e-02,1.990279061244395742e-01,1.895584570517813150e-01,1.560476837754805335e-01,2.108730399276944334e-01,3.389693553314677699e-01,5.056304484702632829e-01,5.651133572344366751e-01,6.418161973579662449e-01,7.438374813747073988e-01,7.573198705145899323e-01,9.115517443049011570e-01,9.773144805852840289e-01,9.682262002920125621e-01,9.072997225896295426e-01,8.132952396574111287e-01,7.573622394142438541e-01,6.437014620750682869e-01
0.000000000000000000e+00,3.851166514689856324e-02,1.175588817472143777e-01,2.376042523852945620e-01,1.780886506683272974e-01,1.426061428285479160e-01,4.190556679936836837e-02,-1.304450325823454937e-01,-2.229032760269555047e-01,-2.683094989213353210e-01,-5.139336788025709868e-02,-1.643929453105887062e-01,-2.176767564441874359e-01,-9.441096012276760374e-02,-8.423370326713075507e-02,-2.219869670618063728e-01,-3.038186953717501027e-01,-3.107488379334119033e-01,-3.517914729889020098e-01,-4.607388297044236469e-01,-6.960078286591196983e-01,-7.623957476147054102e-01
0.000000000000000000e+00,-1.534710147891419837e-02,8.459170047479291910e-02,1.123481914163759199e-01,4.740983577881138084e-02,1.255961921901620482e-01,2.681601150801092293e-01,2.634986195068708126e-01,5.694839633593740125e-02,1.239809650666940377e-01,3.557463782152447962e-01,5.127207817915361288e-01,4.684490501183445343e-01,3.708668488459704871e-01,8.150504491586747779e-02,-2.695289036649115011e-01,-2.940487665339551193e-01,-3.853136007577341871e-01,-4.872792182084638712e-01,-2.969255120223677769e-01,-4.126482136164238423e-01,-1.674953741325453382e-01
0.000000000000000000e+00,-4.102352017713641330e-01,-3.436559570045332190e-01,-1.642308705201336594e-01,-1.776643970637491743e-01,-2.280554625157563964e-01,-1.286175791527213452e-01,5.617331141287255913e-02,-4.250232031315918091e-01,-7.021312364009194562e-01,-6.817118413954095235e-01,-6.783719966965899850e-01,-3.707585570336809910e-01,-3.372214026197166703e-01,-1.126854013310799180e-01,-9.477808090286389542e-02,7.818752221236426048e-02,2.738154897203095572e-01,1.494268890417298490e-01,1.851239162283852824e-01,2.653306861734903710e-01,2.978687635990805438e-01
0.000000000000000000e+00,1.887626082137288386e-01,1.344678475593395206e-01,9.648855860657967742e-02,2.291817423090664052e-01,4.533870137383971821e-01,4.480371857727866725e-01,5.405615519287186865e-01,7.935248487882624602e-01,9.314022533995507391e-01,8.454898866396400869e-01,8.801487752807537479e-01,1.000000000000000000e+00,8.445369048549339341e-01,6.286462936102994448e-01,6.745291899379524114e-01,7.704885259934253217e-01,5.524755184273851816e-01,5.110779896997492688e-01,4.386810223842714795e-01,4.903834608105300807e-01,7.129025898021207341e-01
0.000000000000000000e+00,2.280426770448684692e-02,2.428326159715652466e-01,2.543096542358398438e-01,3.437003195285797119e-01,3.376967608928680420e-01,2.977403104305267334e-01,4.591908454895019531e-01,4.424362182617187500e-01,2.422564625740051270e-01,1.875964999198913574e-01,1.234933510422706604e-01,1.429098248481750488e-01,1.546749323606491089e-01,2.423083186149597168e-01,3.146850764751434326e-01,3.175197541713714600e-01,1.494952887296676636e-01,-9.506003558635711670e-02,-3.174563944339752197e-01,-4.031596481800079346e-01,-5.408091545104980469e-01
0.000000000000000000e+00,5.776274576783180237e-02,8.818811178207397461e-02,6.401892751455307007e-02,1.023848354816436768e-01,9.063444100320339203e-03,-1.915153861045837402e-01,-1.778065860271453857e-01,-7.408496737480163574e-02,2.429617941379547119e-02,1.558431088924407959e-01,6.233457103371620178e-02,-1.955792307853698730e-01,-3.937785625457763672e-01,-5.966967940330505371e-01,-6.144828200340270996e-01,-6.889821887016296387e-01,-8.441568613052368164e-01,-8.197604417800903320e-01,-8.078429698944091797e-01,-7.912734150886535645e-01,-5.723671913146972656e-01
0.000000000000000000e+00,1.166740548796951771e-03,-3.907719999551773071e-02,6.986860185861587524e-02,1.563367843627929688e-01,2.598473429679870605e-01,3.775396049022674561e-01,4.479788839817047119e-01,4.542581737041473389e-01,4.315133988857269287e-01,3.826435506343841553e-01,3.467027842998504639e-01,2.727202177047729492e-01,2.405831962823867798e-01,2.662433087825775146e-01,3.262714743614196777e-01,4.589440822601318359e-01,5.283875465393066406e-01,7.114447951316833496e-01,7.416810393333435059e-01,8.176849484443664551e-01,9.609227776527404785e-01
0.000000000000000000e+00,5.928746238350868225e-02,1.350089311599731445e-01,1.810780763626098633e-01,2.445776462554931641e-01,2.508581876754760742e-01,2.763517498970031738e-01,3.340835273265838623e-01,4.392696619033813477e-01,5.201477408409118652e-01,6.170982718467712402e-01,5.754897594451904297e-01,5.597154498100280762e-01,6.032301783561706543e-01,6.249684095382690430e-01,6.977266073226928711e-01,7.336093187332153320e-01,8.023270368576049805e-01,8.898911476135253906e-01,9.548810720443725586e-01,1.000000000000000000e+00,9.543380141258239746e-01
0.000000000000000000e+00,-1.882448978722095490e-02,-5.433025211095809937e-02,-9.212742000818252563e-02,-1.166830062866210938e-01,-1.253636926412582397e-01,-1.611649543046951294e-01,-2.463443726301193237e-01,-3.022484481334686279e-01,-3.304902315139770508e-01,-1.644112020730972290e-01,-9.021916240453720093e-02,8.592033386230468750e-02,1.928389370441436768e-01,2.546692788600921631e-01,3.170840144157409668e-01,4.241355359554290771e-01,5.466828346252441406e-01,6.504012942314147949e-01,6.695097684860229492e-01,6.315808296203613281e-01,6.563073992729187012e-01
0.000000000000000000e+00,3.536407649517059326e-02,6.017680838704109192e-02,3.346328437328338623e-02,2.951918728649616241e-02,1.286820620298385620e-01,2.988374829292297363e-01,2.888338565826416016e-01,1.979233026504516602e-01,2.845656573772430420e-01,5.807723402976989746e-01,6.577242016792297363e-01,7.316266298294067383e-01,7.125883698463439941e-01,5.751261711120605469e-01,6.634399890899658203e-01,8.299288749694824219e-01,9.120647907257080078e-01,9.684964418411254883e-01,1.000000000000000000e+00,9.227899909019470215e-01,9.044536352157592773e-01
0.000000000000000000e+00,-2.883321978151798248e-02,5.851796828210353851e-03,1.248561590909957886e-01,1.953371316194534302e-01,1.768292188644409180e-01,1.969550400972366333e-01,2.786188125610351562e-01,2.943840026855468750e-01,4.044591784477233887e-01,5.025079846382141113e-01,5.595607161521911621e-01,6.549378633499145508e-01,7.870813608169555664e-01,9.045986533164978027e-01,9.333643913269042969e-01,9.711667895317077637e-01,9.628710746765136719e-01,8.873423337936401367e-01,8.137899041175842285e-01,8.540573716163635254e-01,8.174791932106018066e-01
0.000000000000000000e+00,6.256797164678573608e-02,3.005038015544414520e-02,-6.142742559313774109e-02,9.672242403030395508e-02,3.366814255714416504e-01,3.784288763999938965e-01,3.973452746868133545e-01,3.456581234931945801e-01,2.541850805282592773e-01,3.621366620063781738e-01,5.443764328956604004e-01,6.489343047142028809e-01,7.411713600158691406e-01,7.970052957534790039e-01,8.200167417526245117e-01,7.766667604446411133e-01,7.284582853317260742e-01,8.017634153366088867e-01,7.058336734771728516e-01,7.869265079498291016e-01,9.385725855827331543e-01
0.000000000000000000e+00,6.135994940996170044e-02,1.359369792044162750e-02,2.400018274784088135e-01,6.746810674667358398e-01,8.353191018104553223e-01,6.930206418037414551e-01,6.606052517890930176e-01,6.176391243934631348e-01,4.562750160694122314e-01,2.793798148632049561e-01,3.467358946800231934e-01,6.300135850906372070e-01,7.751320004463195801e-01,7.888554334640502930e-01,7.690590620040893555e-01,7.479793429374694824e-01,8.379517793655395508e-01,9.419805407524108887e-01,1.000000000000000000e+00,9.888293743133544922e-01,8.321047425270080566e-01
0.000000000000000000e+00,1.425516605377197266e-01,3.073876500129699707e-01,3.473510146141052246e-01,2.910356521606445312e-01,3.382353186607360840e-01,3.261446654796600342e-01,2.758306264877319336e-01,2.917532920837402344e-01,4.509362578392028809e-01,6.963915228843688965e-01,7.942262887954711914e-01,8.442012071609497070e-01,7.725700736045837402e-01,7.041014432907104492e-01,7.992219328880310059e-01,8.973221778869628906e-01,1.000000000000000000e+00,9.525692462921142578e-01,8.431901931762695312e-01,8.421122431755065918e-01,7.257805466651916504e-01
0.000000000000000000e+00,1.515393257141113281e-01,3.690931200981140137e-01,5.127736926078796387e-01,6.265636682510375977e-01,5.583007931709289551e-01,4.267112612724304199e-01,4.646099507808685303e-01,3.808428645133972168e-01,5.293871760368347168e-01,5.334274768829345703e-01,4.140186309814453125e-01,4.564568102359771729e-01,4.509147107601165771e-01,4.188140928745269775e-01,3.731419742107391357e-01,4.962839484214782715e-01,5.736727118492126465e-01,7.254808545112609863e-01,7.437710165977478027e-01,9.008737802505493164e-01,1.000000000000000000e+00
0.000000000000000000e+00,1.504545062780380249e-01,2.304560989141464233e-01,1.247225105762481689e-01,4.227732867002487183e-02,7.898452877998352051e-02,-8.061558008193969727e-03,1.155051440000534058e-01,1.048760041594505310e-01,-1.879834085702896118e-01,-1.593732535839080811e-01,-2.097719460725784302e-01,-3.655489981174468994e-01,-2.306674122810363770e-01,-7.076788228005170822e-03,3.799138963222503662e-02,2.507894039154052734e-01,3.436452448368072510e-01,4.728131592273712158e-01,5.588310360908508301e-01,5.797265172004699707e-01,6.344509720802307129e-01
0.000000000000000000e+00,6.334803253412246704e-02,1.045701578259468079e-01,2.787673771381378174e-01,4.486817717552185059e-01,4.258700609207153320e-01,2.731615602970123291e-01,1.937444061040878296e-01,3.646467328071594238e-01,5.473075509071350098e-01,7.776969671249389648e-01,9.629122614860534668e-01,1.000000000000000000e+00,9.281184673309326172e-01,9.479178190231323242e-01,9.209049344062805176e-01,8.907464146614074707e-01,8.742136955261230469e-01,9.684642553329467773e-01,9.358468055725097656e-01,9.355841875076293945e-01,9.840181469917297363e-01
0.000000000000000000e+00,-1.768740639090538025e-02,6.894993036985397339e-02,1.381263881921768188e-01,2.262634336948394775e-01,3.684664964675903320e-01,4.487424790859222412e-01,4.608109891414642334e-01,5.796058177947998047e-01,7.137209177017211914e-01,8.222874999046325684e-01,9.143610596656799316e-01,9.823126196861267090e-01,9.751841425895690918e-01,9.271120429039001465e-01,9.482934474945068359e-01,8.973022699356079102e-01,7.529224157333374023e-01,6.861802339553833008e-01,6.912203431129455566e-01,7.779709100723266602e-01,7.487861514091491699e-01
0.000000000000000000e+00,4.085953906178474426e-02,7.630937546491622925e-02,9.929292649030685425e-02,1.270368397235870361e-01,2.598488628864288330e-01,2.755465209484100342e-01,2.453213930130004883e-01,3.705674409866333008e-01,4.789820909500122070e-01,5.301671028137207031e-01,5.214383006095886230e-01,5.775824785232543945e-01,6.872228980064392090e-01,7.732218503952026367e-01,8.700750470161437988e-01,9.415180087089538574e-01,1.000000000000000000e+00,9.791840314865112305e-01,9.808702468872070312e-01,8.943272829055786133e-01,8.750449419021606445e-01
0.000000000000000000e+00,3.804213926196098328e-02,6.679987907409667969e-02,9.541212022304534912e-02,2.300179451704025269e-01,2.385477423667907715e-01,2.092174142599105835e-01,3.029654324054718018e-01,4.074226915836334229e-01,4.588644802570343018e-01,4.806198775768280029e-01,5.546804666519165039e-01,6.694129705429077148e-01,7.604759335517883301e-01,8.542765974998474121e-01,9.383928775787353516e-01,1.000000000000000000e+00,9.801920652389526367e-01,9.965335726737976074e-01,9.313465952873229980e-01,9.142235517501831055e-01,9.395465850830078125e-01
0.000000000000000000e+00,3.544539213180541992e-02,7.716014981269836426e-02,1.572628915309906006e-01,1.424156427383422852e-01,1.603839844465255737e-01,2.978511154651641846e-01,3.505425453186035156e-01,3.424589931964874268e-01,3.870774209499359131e-01,4.871664941310882568e-01,5.614913105964660645e-01,7.092172503471374512e-01,8.366785049438476562e-01,9.210953712463378906e-01,9.409697055816650391e-01,9.248203039169311523e-01,9.573261141777038574e-01,8.868559002876281738e-01,8.989574313163757324e-01,9.520396590232849121e-01,1.000000000000000000e+00
0.000000000000000000e+00,8.703302592039108276e-02,2.059459239244461060e-01,3.697908520698547363e-01,5.464568138122558594e-01,7.397229671478271484e-01,8.275767564773559570e-01,9.096121191978454590e-01,8.294000625610351562e-01,8.235834836959838867e-01,8.650082945823669434e-01,9.003627300262451172e-01,8.704231977462768555e-01,8.802202343940734863e-01,9.360967874526977539e-01,1.000000000000000000e+00,9.080313444137573242e-01,8.467903137207031250e-01,7.672252655029296875e-01,7.372967600822448730e-01,7.081011533737182617e-01,7.449411749839782715e-01
0.000000000000000000e+00,1.992324143648147583e-01,3.571680188179016113e-01,5.448629856109619141e-01,6.174315810203552246e-01,5.743334889411926270e-01,4.531563818454742432e-01,5.608466863632202148e-01,8.073197007179260254e-01,8.394991159439086914e-01,9.638850092887878418e-01,8.330438733100891113e-01,7.326412796974182129e-01,7.569895386695861816e-01,6.078935861587524414e-01,5.484564304351806641e-01,4.615886509418487549e-01,3.997974991798400879e-01,4.413496255874633789e-01,6.372851729393005371e-01,1.000000000000000000e+00,8.643035888671875000e-01
0.000000000000000000e+00,6.341547518968582153e-02,7.972981035709381104e-02,2.612315118312835693e-02,5.646472424268722534e-02,1.878505796194076538e-01,3.575601577758789062e-01,5.319804549217224121e-01,5.823646187782287598e-01,5.123355388641357422e-01,5.127557516098022461e-01,5.884764194488525391e-01,6.309745907783508301e-01,6.903807520866394043e-01,7.812533974647521973e-01,8.711940646171569824e-01,9.299249649047851562e-01,9.139278531074523926e-01,9.651210308074951172e-01,9.872039556503295898e-01,9.705690145492553711e-01,1.000000000000000000e+00
0.000000000000000000e+00,2.982682548463344574e-03,1.266266405582427979e-01,2.840108275413513184e-01,4.323730170726776123e-01,4.457336962223052979e-01,3.148303627967834473e-01,2.326556742191314697e-01,2.539555132389068604e-01,3.044143021106719971e-01,3.787111639976501465e-01,4.793960154056549072e-01,6.293610930442810059e-01,7.478278875350952148e-01,8.108955621719360352e-01,8.756412267684936523e-01,9.391499161720275879e-01,9.362985491752624512e-01,9.737142324447631836e-01,9.671287536621093750e-01,9.678337574005126953e-01,1.000000000000000000e+00
